id,Geographic Area Name,Estimate!!Households!!Total,Margin of Error!!Households MOE!!Total,Estimate!!Families!!Total,Margin of Error!!Families MOE!!Total,Estimate!!Married-couple families!!Total,Margin of Error!!Married-couple families MOE!!Total,Estimate!!Nonfamily households!!Total,Margin of Error!!Nonfamily households MOE!!Total,"Estimate!!Households!!Total!!Less than $10,000","Margin of Error!!Households MOE!!Total!!Less than $10,000","Estimate!!Families!!Total!!Less than $10,000","Margin of Error!!Families MOE!!Total!!Less than $10,000","Estimate!!Married-couple families!!Total!!Less than $10,000","Margin of Error!!Married-couple families MOE!!Total!!Less than $10,000","Estimate!!Nonfamily households!!Total!!Less than $10,000","Margin of Error!!Nonfamily households MOE!!Total!!Less than $10,000","Estimate!!Households!!Total!!$10,000 to $14,999","Margin of Error!!Households MOE!!Total!!$10,000 to $14,999","Estimate!!Families!!Total!!$10,000 to $14,999","Margin of Error!!Families MOE!!Total!!$10,000 to $14,999","Estimate!!Married-couple families!!Total!!$10,000 to $14,999","Margin of Error!!Married-couple families MOE!!Total!!$10,000 to $14,999","Estimate!!Nonfamily households!!Total!!$10,000 to $14,999","Margin of Error!!Nonfamily households MOE!!Total!!$10,000 to $14,999","Estimate!!Households!!Total!!$15,000 to $24,999","Margin of Error!!Households MOE!!Total!!$15,000 to $24,999","Estimate!!Families!!Total!!$15,000 to $24,999","Margin of Error!!Families MOE!!Total!!$15,000 to $24,999","Estimate!!Married-couple families!!Total!!$15,000 to $24,999","Margin of Error!!Married-couple families MOE!!Total!!$15,000 to $24,999","Estimate!!Nonfamily households!!Total!!$15,000 to $24,999","Margin of Error!!Nonfamily households MOE!!Total!!$15,000 to $24,999","Estimate!!Households!!Total!!$25,000 to $34,999","Margin of Error!!Households MOE!!Total!!$25,000 to $34,999","Estimate!!Families!!Total!!$25,000 to $34,999","Margin of Error!!Families MOE!!Total!!$25,000 to $34,999","Estimate!!Married-couple families!!Total!!$25,000 to $34,999","Margin of Error!!Married-couple families MOE!!Total!!$25,000 to $34,999","Estimate!!Nonfamily households!!Total!!$25,000 to $34,999","Margin of Error!!Nonfamily households MOE!!Total!!$25,000 to $34,999","Estimate!!Households!!Total!!$35,000 to $49,999","Margin of Error!!Households MOE!!Total!!$35,000 to $49,999","Estimate!!Families!!Total!!$35,000 to $49,999","Margin of Error!!Families MOE!!Total!!$35,000 to $49,999","Estimate!!Married-couple families!!Total!!$35,000 to $49,999","Margin of Error!!Married-couple families MOE!!Total!!$35,000 to $49,999","Estimate!!Nonfamily households!!Total!!$35,000 to $49,999","Margin of Error!!Nonfamily households MOE!!Total!!$35,000 to $49,999","Estimate!!Households!!Total!!$50,000 to $74,999","Margin of Error!!Households MOE!!Total!!$50,000 to $74,999","Estimate!!Families!!Total!!$50,000 to $74,999","Margin of Error!!Families MOE!!Total!!$50,000 to $74,999","Estimate!!Married-couple families!!Total!!$50,000 to $74,999","Margin of Error!!Married-couple families MOE!!Total!!$50,000 to $74,999","Estimate!!Nonfamily households!!Total!!$50,000 to $74,999","Margin of Error!!Nonfamily households MOE!!Total!!$50,000 to $74,999","Estimate!!Households!!Total!!$75,000 to $99,999","Margin of Error!!Households MOE!!Total!!$75,000 to $99,999","Estimate!!Families!!Total!!$75,000 to $99,999","Margin of Error!!Families MOE!!Total!!$75,000 to $99,999","Estimate!!Married-couple families!!Total!!$75,000 to $99,999","Margin of Error!!Married-couple families MOE!!Total!!$75,000 to $99,999","Estimate!!Nonfamily households!!Total!!$75,000 to $99,999","Margin of Error!!Nonfamily households MOE!!Total!!$75,000 to $99,999","Estimate!!Households!!Total!!$100,000 to $149,999","Margin of Error!!Households MOE!!Total!!$100,000 to $149,999","Estimate!!Families!!Total!!$100,000 to $149,999","Margin of Error!!Families MOE!!Total!!$100,000 to $149,999","Estimate!!Married-couple families!!Total!!$100,000 to $149,999","Margin of Error!!Married-couple families MOE!!Total!!$100,000 to $149,999","Estimate!!Nonfamily households!!Total!!$100,000 to $149,999","Margin of Error!!Nonfamily households MOE!!Total!!$100,000 to $149,999","Estimate!!Households!!Total!!$150,000 to $199,999","Margin of Error!!Households MOE!!Total!!$150,000 to $199,999","Estimate!!Families!!Total!!$150,000 to $199,999","Margin of Error!!Families MOE!!Total!!$150,000 to $199,999","Estimate!!Married-couple families!!Total!!$150,000 to $199,999","Margin of Error!!Married-couple families MOE!!Total!!$150,000 to $199,999","Estimate!!Nonfamily households!!Total!!$150,000 to $199,999","Margin of Error!!Nonfamily households MOE!!Total!!$150,000 to $199,999","Estimate!!Households!!Total!!$200,000 or more","Margin of Error!!Households MOE!!Total!!$200,000 or more","Estimate!!Families!!Total!!$200,000 or more","Margin of Error!!Families MOE!!Total!!$200,000 or more","Estimate!!Married-couple families!!Total!!$200,000 or more","Margin of Error!!Married-couple families MOE!!Total!!$200,000 or more","Estimate!!Nonfamily households!!Total!!$200,000 or more","Margin of Error!!Nonfamily households MOE!!Total!!$200,000 or more",Estimate!!Households!!Median income (dollars),Margin of Error!!Households MOE!!Median income (dollars),Estimate!!Families!!Median income (dollars),Margin of Error!!Families MOE!!Median income (dollars),Estimate!!Married-couple families!!Median income (dollars),Margin of Error!!Married-couple families MOE!!Median income (dollars),Estimate!!Nonfamily households!!Median income (dollars),Margin of Error!!Nonfamily households MOE!!Median income (dollars),Estimate!!Households!!Mean income (dollars),Margin of Error!!Households MOE!!Mean income (dollars),Estimate!!Families!!Mean income (dollars),Margin of Error!!Families MOE!!Mean income (dollars),Estimate!!Married-couple families!!Mean income (dollars),Margin of Error!!Married-couple families MOE!!Mean income (dollars),Estimate!!Nonfamily households!!Mean income (dollars),Margin of Error!!Nonfamily households MOE!!Mean income (dollars),Estimate!!Households!!PERCENT ALLOCATED!!Household income in the past 12 months,Margin of Error!!Households MOE!!PERCENT ALLOCATED!!Household income in the past 12 months,Estimate!!Families!!PERCENT ALLOCATED!!Household income in the past 12 months,Margin of Error!!Families MOE!!PERCENT ALLOCATED!!Household income in the past 12 months,Estimate!!Married-couple families!!PERCENT ALLOCATED!!Household income in the past 12 months,Margin of Error!!Married-couple families MOE!!PERCENT ALLOCATED!!Household income in the past 12 months,Estimate!!Nonfamily households!!PERCENT ALLOCATED!!Household income in the past 12 months,Margin of Error!!Nonfamily households MOE!!PERCENT ALLOCATED!!Household income in the past 12 months,Estimate!!Households!!PERCENT ALLOCATED!!Family income in the past 12 months,Margin of Error!!Households MOE!!PERCENT ALLOCATED!!Family income in the past 12 months,Estimate!!Families!!PERCENT ALLOCATED!!Family income in the past 12 months,Margin of Error!!Families MOE!!PERCENT ALLOCATED!!Family income in the past 12 months,Estimate!!Married-couple families!!PERCENT ALLOCATED!!Family income in the past 12 months,Margin of Error!!Married-couple families MOE!!PERCENT ALLOCATED!!Family income in the past 12 months,Estimate!!Nonfamily households!!PERCENT ALLOCATED!!Family income in the past 12 months,Margin of Error!!Nonfamily households MOE!!PERCENT ALLOCATED!!Family income in the past 12 months,Estimate!!Households!!PERCENT ALLOCATED!!Nonfamily income in the past 12 months,Margin of Error!!Households MOE!!PERCENT ALLOCATED!!Nonfamily income in the past 12 months,Estimate!!Families!!PERCENT ALLOCATED!!Nonfamily income in the past 12 months,Margin of Error!!Families MOE!!PERCENT ALLOCATED!!Nonfamily income in the past 12 months,Estimate!!Married-couple families!!PERCENT ALLOCATED!!Nonfamily income in the past 12 months,Margin of Error!!Married-couple families MOE!!PERCENT ALLOCATED!!Nonfamily income in the past 12 months,Estimate!!Nonfamily households!!PERCENT ALLOCATED!!Nonfamily income in the past 12 months,Margin of Error!!Nonfamily households MOE!!PERCENT ALLOCATED!!Nonfamily income in the past 12 months
0500000US06001,"Alameda County, California",572870,1547,383468,2054,288502,2330,189402,1720,4.2,0.2,2.5,0.2,1.1,0.1,8.4,0.4,3.8,0.2,1.8,0.1,1.1,0.1,8,0.4,5.9,0.2,4.5,0.2,2.8,0.2,9.3,0.4,5.9,0.2,4.8,0.3,3.4,0.2,9,0.4,8.3,0.3,7.5,0.3,5.9,0.3,10.3,0.4,13.4,0.3,12.5,0.3,10.4,0.4,16,0.5,11.6,0.3,11.4,0.4,10.9,0.4,11.3,0.5,18.2,0.3,19.8,0.4,21.4,0.5,14.4,0.5,11.7,0.3,13.6,0.4,16,0.5,6.8,0.3,17,0.3,21.6,0.4,27,0.5,6.4,0.3,92574,1023,111231,1163,132412,1645,55966,1534,122575,889,140897,1165,161445,1500,78844,1154,29.8,(X),(X),(X),(X),(X),(X),(X),(X),(X),30.2,(X),(X),(X),(X),(X),(X),(X),(X),(X),(X),(X),27.2,(X)
0500000US06003,"Alpine County, California",299,67,177,45,145,34,122,42,3.7,3.1,1.1,1.7,0,21.2,7.4,7,6.7,6,2.3,2.8,1.4,2.6,14.8,13.6,7.4,5.4,5.1,4.6,3.4,3.9,10.7,9.8,10.7,7.5,4,5.3,0.7,1.8,21.3,17.5,12.4,7.4,9.6,5.4,5.5,5.5,14.8,15.1,17.1,6.7,20.9,10,23.4,10.3,11.5,10.6,9,6.4,13.6,9.6,12.4,10,2.5,3.9,17.1,8.1,27.7,11.6,33.8,14.3,3.3,4.5,8.7,5.4,6.8,5.4,8.3,6.5,9,9.2,7.4,4.1,9,6.1,11,6.9,4.9,5.4,64688,12933,82813,19887,104250,30003,31932,21662,92738,21812,110856,25526,N,N,64392,28278,35.1,(X),(X),(X),(X),(X),(X),(X),(X),(X),35.6,(X),(X),(X),(X),(X),(X),(X),(X),(X),(X),(X),33.6,(X)
0500000US06005,"Amador County, California",14090,432,9446,427,7741,373,4644,380,4.2,1,2.4,1,0.9,0.7,9.1,2.5,3.9,1.1,0.7,0.4,0.3,0.2,10.5,2.9,10.5,1.7,5.8,1.8,4,1.5,20.5,3.5,11.2,1.8,7.6,1.9,5.2,1.7,19.5,3.4,12.2,1.9,12.3,2,12.4,2.4,12.7,3.4,19.6,2.4,21.7,3,22.1,3,14.9,3.4,13.8,2.1,16.8,2.6,18,2.6,6.4,2.5,15.3,2,20,2.9,23,3.4,4.4,1.5,4.2,1,6.3,1.7,6.4,1.7,0.5,0.5,5.1,1.4,6.5,1.8,7.5,2.2,1.4,0.9,61198,3241,74553,3660,81250,5287,29224,2241,78014,4792,93167,6446,N,N,43057,4036,34.1,(X),(X),(X),(X),(X),(X),(X),(X),(X),34.5,(X),(X),(X),(X),(X),(X),(X),(X),(X),(X),(X),31.8,(X)
0500000US06007,"Butte County, California",86797,860,51436,974,37186,863,35361,1042,7.6,0.6,3.6,0.7,1.2,0.4,14.6,1.3,7.4,0.7,3,0.5,1.7,0.5,14.2,1.5,12.3,0.9,9.4,0.9,6,0.9,17.9,1.5,10.1,0.6,9.1,0.8,7.8,0.8,11.6,1.1,14,0.8,13.6,1,12.3,1.1,14,1.3,16.5,0.8,18.9,1.1,19.5,1.3,12.2,1.2,10.8,0.8,13.9,1.2,15.7,1.5,6.1,0.9,12.2,0.8,16.2,1.2,19.9,1.4,5.4,1,4.7,0.5,6.3,0.7,8,0.9,2.2,0.6,4.4,0.5,6,0.7,7.8,0.9,1.8,0.5,48443,1477,63825,1596,76778,2164,27205,1634,69621,1909,85184,2593,98994,3285,44172,2323,32.7,(X),(X),(X),(X),(X),(X),(X),(X),(X),32.2,(X),(X),(X),(X),(X),(X),(X),(X),(X),(X),(X),31.9,(X)
0500000US06009,"Calaveras County, California",17417,434,11776,528,9070,559,5641,426,4.3,1.2,3.6,1.5,1.4,0.9,7.4,2.6,4.5,1.3,2.6,1.4,1.2,0.8,8.8,3,9.7,1.4,5.2,1.3,3,1.2,19.4,3.4,10.3,1.4,7.5,1.6,7.2,1.8,15.5,2.8,14.2,1.8,13.3,2.4,12,2.7,15.7,3.2,16.8,2.4,16.4,2.9,16.5,2.7,17,3.8,12.9,2.1,16.3,2.8,17.6,3.3,6.8,2.5,14.7,1.8,18.5,2.6,20.5,3,5.4,1.8,7.9,1.3,10.1,1.8,12.9,2.2,3.1,1.7,4.7,1.1,6.4,1.6,7.6,1.9,1,0.6,58151,3310,78161,5862,86705,5392,33910,3993,79782,4095,94442,5818,N,N,47051,3419,38.8,(X),(X),(X),(X),(X),(X),(X),(X),(X),39.2,(X),(X),(X),(X),(X),(X),(X),(X),(X),(X),(X),36.9,(X)
0500000US06011,"Colusa County, California",7113,174,5466,216,4062,237,1647,183,3.5,1.3,3.3,1.5,0.6,0.6,8.7,4.4,5.1,1.7,3.2,1.4,0.5,0.7,13.2,5.2,12.5,2.4,9.7,2.5,6.3,2,22.2,6.5,10.3,2.3,7.6,2.4,5.2,1.9,15.7,5.2,13.8,2.8,14.9,3.3,15.4,3.7,11.5,3.8,18.9,2.7,19.9,3,21.3,3.5,17.1,4.7,15.1,2.8,17.1,3.4,19.9,3.9,5.2,2.4,11,1.8,13.1,2.3,16.4,3.2,2.7,2.2,5.6,1.4,6.4,1.7,8.6,2.3,2.2,2.3,4.1,1.2,4.8,1.6,5.7,2,1.6,1.1,56704,4501,64177,3543,76189,5906,30293,4741,82313,8367,92973,10716,N,N,42344,5414,30.3,(X),(X),(X),(X),(X),(X),(X),(X),(X),31.2,(X),(X),(X),(X),(X),(X),(X),(X),(X),(X),(X),25.9,(X)
0500000US06013,"Contra Costa County, California",392277,1405,282085,2128,215025,2317,110192,1861,3.5,0.2,2.6,0.2,1,0.2,7.3,0.5,3,0.2,1.6,0.2,0.8,0.1,7.1,0.6,5.5,0.3,3.8,0.3,2.2,0.2,10.2,0.5,5.7,0.3,4.7,0.3,3.4,0.3,9,0.6,8.9,0.3,7.8,0.4,6.2,0.4,12.1,0.6,13.9,0.3,12.9,0.4,11.3,0.4,17,0.7,12.4,0.4,12.3,0.4,12.2,0.5,11.9,0.7,19,0.4,20.7,0.5,22.1,0.6,14,0.7,11,0.3,12.5,0.4,14.6,0.5,5.7,0.5,17.2,0.4,21.1,0.5,26.2,0.6,5.6,0.5,93712,926,107907,1187,127156,1321,55976,1372,128079,1308,144933,1619,165747,1908,77826,1952,35.2,(X),(X),(X),(X),(X),(X),(X),(X),(X),35.5,(X),(X),(X),(X),(X),(X),(X),(X),(X),(X),(X),31.4,(X)
0500000US06015,"Del Norte County, California",9799,314,6039,298,4305,326,3760,322,9,1.9,7.3,2.6,5.1,2.7,12.6,3.6,8.5,1.8,4.3,1.8,2.3,1.6,15.8,3.4,13.2,2.4,10.3,2.6,7.8,2.2,18,4.5,11.4,2.4,9.6,2.7,8.1,2.7,13.5,4.4,10.2,1.9,11.6,2.4,9.2,3,10.1,3.1,20.5,2.7,20.9,3.6,23.5,4.6,18,4.3,11.6,2.4,16.7,3.7,19,4.6,3.4,1.7,9.5,1.7,11.7,2.3,14.3,3.2,5.2,2.4,2.9,1.1,3.5,1.8,4.9,2.5,1.8,1.3,3.2,1.2,4.2,1.5,5.7,2.1,1.6,1.6,45258,5035,57654,5499,68685,4653,27083,4154,61652,4905,71959,5195,N,N,43631,7510,35.2,(X),(X),(X),(X),(X),(X),(X),(X),(X),36.3,(X),(X),(X),(X),(X),(X),(X),(X),(X),(X),(X),32.4,(X)
0500000US06017,"El Dorado County, California",69172,735,48535,837,40604,804,20637,878,3.7,0.5,2.2,0.5,1.2,0.3,8.3,1.3,3.5,0.5,1.5,0.4,0.9,0.3,8.5,1.5,7.4,0.7,4.6,0.6,3.1,0.6,15.2,1.8,7.1,0.6,4.9,0.6,4.1,0.6,12.3,1.6,9.9,1,8.1,1.1,7.1,1.1,13.3,1.8,15.4,0.9,15.1,1.2,14.6,1.2,16.4,1.8,12.9,0.8,13.9,1.1,13.9,1.1,9.8,1.3,18.6,0.9,22.7,1.2,24.6,1.3,9.2,1.3,9.1,0.8,11.1,0.9,12.7,1,3.6,1,12.4,0.7,15.8,1,17.8,1,3.3,0.9,80582,2117,99248,2683,107169,2483,40833,2251,104895,2431,122118,2936,131748,3201,60556,4187,34.6,(X),(X),(X),(X),(X),(X),(X),(X),(X),34.3,(X),(X),(X),(X),(X),(X),(X),(X),(X),(X),(X),34,(X)
0500000US06019,"Fresno County, California",304624,1206,221080,1762,142835,1973,83544,1572,7,0.3,6.8,0.4,2.5,0.3,12.1,0.8,6.6,0.3,4.8,0.4,2.5,0.3,12.9,0.9,11.6,0.4,9.9,0.5,6.9,0.5,16.4,0.8,11,0.5,10.7,0.6,8.7,0.6,12.6,0.8,12.7,0.4,12.4,0.5,11.3,0.6,12.6,0.8,17.4,0.6,17.3,0.6,18,0.7,15.8,1,11.6,0.4,12.3,0.5,14.9,0.6,7.9,0.6,12.5,0.4,14.2,0.5,18.7,0.7,6.4,0.6,5.2,0.3,6.2,0.4,8.8,0.6,1.7,0.3,4.4,0.3,5.4,0.3,7.7,0.5,1.6,0.3,51261,808,57015,1265,75104,1365,31496,626,71663,949,78439,1273,96634,1770,47085,1256,38.9,(X),(X),(X),(X),(X),(X),(X),(X),(X),39.2,(X),(X),(X),(X),(X),(X),(X),(X),(X),(X),(X),34,(X)
0500000US06021,"Glenn County, California",10017,225,7390,339,5596,387,2627,276,8.6,2.6,6.4,2.3,2.8,2,18.6,6.8,8.6,1.9,4.3,2,2.5,1.3,18.1,4.9,12.3,2,9.1,2.2,7.1,2.6,22.3,6.3,8,1.8,8.2,2.5,8,2.4,10.3,3.5,14.9,2.9,16.3,3.5,14.3,3.7,11.8,3.9,20.1,2.4,22.3,3.4,24.4,4,8.6,2.8,10.7,2.1,12,2.6,14,3.3,6.6,3.5,11.6,2,14.5,2.6,18.3,3.3,3.3,2,3.3,1,4.5,1.3,5.5,1.7,0.1,0.2,1.9,0.7,2.4,0.8,3.1,1.1,0.5,0.5,47395,3209,55364,3707,64345,4545,19680,2250,60614,3329,69621,4090,N,N,32472,4493,33.6,(X),(X),(X),(X),(X),(X),(X),(X),(X),34.4,(X),(X),(X),(X),(X),(X),(X),(X),(X),(X),(X),30.1,(X)
0500000US06023,"Humboldt County, California",54267,676,30101,794,20626,736,24166,804,7,0.8,2.6,0.6,1.1,0.5,13.5,1.5,7.7,0.7,3.3,0.7,0.9,0.4,14,1.6,12.7,1,8.8,1.1,5.9,1,18.1,1.9,11.3,0.9,9.7,1.1,6.8,1.1,13.5,1.5,15.2,1,14.8,1.2,13.2,1.8,15.9,1.6,18.3,1.2,21.8,1.8,22.6,2.1,13.4,1.5,10.5,0.9,13.9,1.3,17,1.4,5.5,1.1,10.4,0.8,15.3,1.2,19.2,1.6,4,0.9,3.5,0.5,5.1,0.8,6.9,1.2,1,0.4,3.3,0.5,4.8,0.8,6.4,1,1.2,0.5,45528,1359,60961,1790,74475,2267,27314,1378,63753,2235,79079,2464,92911,3235,41929,3922,35.1,(X),(X),(X),(X),(X),(X),(X),(X),(X),34.5,(X),(X),(X),(X),(X),(X),(X),(X),(X),(X),(X),34.3,(X)
0500000US06025,"Imperial County, California",44057,845,33880,870,22135,1003,10177,697,8.2,1.1,6.7,1.2,2.5,0.7,16.3,2.8,9.7,1.2,6.4,1.2,3.7,1.1,22.1,2.9,12.9,1.1,11.9,1.2,9.5,1.3,16.8,2.8,10.1,1.1,10.3,1.3,9.6,1.5,8.4,2,12.5,1.1,13.1,1.4,13,1.5,9.5,2.3,16.1,1.1,17.7,1.4,19.6,1.7,11.8,2.3,11.6,1.1,11.8,1.2,14.2,1.7,9.2,2.3,12,1.1,14.1,1.3,16.9,1.8,4.5,1.4,3.9,0.6,4.5,0.8,6.2,1.2,0.6,0.4,3,0.5,3.5,0.7,4.8,1,0.8,0.6,45834,1861,52809,2725,64862,2535,20969,2714,63186,2149,69455,2487,81666,3310,37106,3226,42.1,(X),(X),(X),(X),(X),(X),(X),(X),(X),41.9,(X),(X),(X),(X),(X),(X),(X),(X),(X),(X),(X),38.6,(X)
0500000US06027,"Inyo County, California",8083,212,4300,266,3211,215,3783,266,3,1,3.6,2.2,0.9,0.7,3.7,1.2,7.1,1.9,4.3,2.7,3.1,2.5,10.7,2.9,9.8,1.9,4.3,1.1,3.4,1.3,16.4,3.5,13.2,2.5,8.4,2.2,7.6,2.4,18.5,4.4,14.6,2.5,14.4,2.8,12.7,3.2,15.2,3.9,20.6,3,20.6,3.8,17.9,3.5,18.9,3.9,11.3,1.7,13.6,3.1,16.6,3.6,8.5,2.1,13.4,2,19.7,3.3,23.6,3.4,5.7,1.9,3.7,0.9,6,1.6,7.9,2.1,1.1,1,3.3,0.9,5,1.6,6.3,2.1,1.4,0.8,52874,3230,70846,4818,83551,6845,35848,5475,68448,2709,85148,5886,N,N,47939,3272,28.5,(X),(X),(X),(X),(X),(X),(X),(X),(X),31.6,(X),(X),(X),(X),(X),(X),(X),(X),(X),(X),(X),23.1,(X)
0500000US06029,"Kern County, California",267913,1297,200379,1971,136858,1938,67534,1712,6.6,0.4,5.9,0.4,2.3,0.4,12.3,1,5.8,0.4,4.5,0.4,2,0.3,11.5,0.8,11.2,0.5,9.8,0.6,6.6,0.5,16.2,1.1,10.7,0.5,10.3,0.6,8.6,0.6,12.7,1,13.7,0.5,13.7,0.6,13.6,0.6,13.2,0.9,17.8,0.6,18,0.7,18.9,0.8,15.2,1,11.4,0.5,12,0.6,14,0.7,7.9,0.8,13.2,0.5,14.6,0.6,18.6,0.7,7.6,0.7,5.5,0.3,6.4,0.4,8.6,0.6,1.9,0.4,4.1,0.3,4.9,0.4,6.8,0.5,1.5,0.3,52479,729,57015,1115,72176,1683,32152,1140,71440,999,77107,1273,92531,1817,47980,1393,33.7,(X),(X),(X),(X),(X),(X),(X),(X),(X),33.2,(X),(X),(X),(X),(X),(X),(X),(X),(X),(X),(X),30.7,(X)
0500000US06031,"Kings County, California",42735,539,32786,709,22057,703,9949,626,5.4,0.8,5.4,1,1.6,0.7,10.5,2.1,5.6,0.8,4.4,1,2.6,0.9,11,2,9.6,1.1,8.9,1.3,6.2,1.3,13.3,2.5,11,1.1,10.8,1.2,9,1.4,10.8,2.4,15.4,1.1,14.8,1.2,13.1,1.5,16.6,2.6,17.9,1.2,18.4,1.4,19.3,1.7,15.4,2.6,14,1.1,14.7,1.2,18.3,1.7,9.2,2.1,13.1,1,13.4,1.3,17.7,1.7,10,2,4.5,0.7,5.3,0.9,7.2,1.3,1.3,0.8,3.5,0.6,3.9,0.7,5,0.9,1.8,0.9,53865,2352,56983,2468,72574,3410,38044,3618,69985,2095,71928,2061,85266,2638,56649,6373,40.3,(X),(X),(X),(X),(X),(X),(X),(X),(X),40.1,(X),(X),(X),(X),(X),(X),(X),(X),(X),(X),(X),36.9,(X)
0500000US06033,"Lake County, California",25966,628,15359,563,10699,481,10607,594,9.1,1.3,7.8,1.5,2.4,0.9,13.1,2.4,7.9,1.1,3.9,1,2.1,1,13.9,2.5,12.3,1.6,8.5,1.6,4.3,1.3,19.8,3.1,12.5,1.6,10.6,1.8,9.9,2.1,14.9,2.6,13.9,1.6,13.7,1.9,14.8,2.4,13.7,2.3,15.5,1.7,18,2.4,20.2,2.9,10.8,2,12.2,1.7,15.2,2.3,18.5,3.3,7.2,1.8,10,1.3,12.6,2,15.8,2.5,5.4,1.4,3.7,0.9,5.6,1.5,6.9,1.9,0.6,0.5,2.7,0.6,4,0.9,5,1.3,0.7,0.6,42475,2511,54677,3052,67963,5370,26351,1388,60847,2431,73144,3278,84491,3849,39620,3513,43.6,(X),(X),(X),(X),(X),(X),(X),(X),(X),45.9,(X),(X),(X),(X),(X),(X),(X),(X),(X),(X),(X),37.5,(X)
0500000US06035,"Lassen County, California",9493,354,6141,314,4899,322,3352,250,5.2,1.4,3.7,1.4,1.2,0.7,9.6,2.8,6.4,1.5,3.8,1.4,1,0.7,10.9,3.2,9.9,2,7,1.9,5.6,2.1,16,4.2,9.6,1.7,7.6,1.8,7.3,2,13.2,3.1,12.1,1.6,10.7,2.1,9.7,2.3,14.5,3.2,20.8,2.1,22.8,2.6,23.6,2.8,18.8,3.4,12.3,1.9,14.9,2.7,17.2,3.2,7.2,2.9,14.6,2,17.4,2.7,20.4,3.3,7.2,2.4,6.3,1.4,8.7,2,10,2.4,1.5,1.3,2.6,0.9,3.4,1.2,3.9,1.4,1,0.8,56362,1943,69082,3945,77681,5995,35250,4979,71097,3396,81686,4273,N,N,47747,4693,31.7,(X),(X),(X),(X),(X),(X),(X),(X),(X),30.9,(X),(X),(X),(X),(X),(X),(X),(X),(X),(X),(X),30.9,(X)
0500000US06037,"Los Angeles County, California",3306109,5533,2207265,7274,1485293,8094,1098844,5069,5.8,0.1,4,0.1,1.7,0.1,11.1,0.2,5.1,0.1,2.9,0.1,1.7,0.1,10,0.2,9,0.1,8.3,0.1,6.2,0.1,11.5,0.2,8.5,0.1,8.4,0.1,6.7,0.1,9.4,0.2,11.7,0.1,11.8,0.1,10.1,0.2,11.6,0.2,16.2,0.1,16.2,0.2,15.5,0.2,15.6,0.2,12,0.1,12.4,0.1,13,0.2,10.4,0.2,15.1,0.1,16.6,0.2,19.4,0.2,11,0.2,7.3,0.1,8.4,0.1,10.7,0.2,4.2,0.1,9.3,0.1,11.1,0.1,15,0.2,5,0.2,64251,247,72362,392,89841,509,44474,407,94484,379,104722,506,124883,654,68231,624,37.7,(X),(X),(X),(X),(X),(X),(X),(X),(X),39.4,(X),(X),(X),(X),(X),(X),(X),(X),(X),(X),(X),31.9,(X)
0500000US06039,"Madera County, California",44759,607,34804,835,25890,829,9955,738,6.4,1,5.7,1.2,2.1,0.6,11.9,2.6,5.6,0.9,4.5,0.9,3,1,11.7,2.5,9.6,1,7.8,1.2,6.3,1.1,16.7,2.4,10,1,9.2,1.2,8.2,1.2,13,2.5,15.9,1.3,15.9,1.5,15.7,1.6,15.3,3.4,18.7,1.3,20.2,1.4,21.1,1.6,13,2,11.6,1.1,12.5,1.3,14.5,1.6,6,1.7,14.6,1.2,15.9,1.5,18.6,1.8,7.9,1.9,4.1,0.7,4.6,0.8,5.7,1,1.5,0.8,3.6,0.6,3.6,0.7,4.9,0.9,3.1,1.5,52884,1923,57531,1973,67996,2167,32363,2483,69614,2177,72962,2489,83096,2997,51332,4727,39.6,(X),(X),(X),(X),(X),(X),(X),(X),(X),39.7,(X),(X),(X),(X),(X),(X),(X),(X),(X),(X),(X),34.2,(X)
0500000US06041,"Marin County, California",105258,753,65685,1051,53772,1120,39573,940,3.3,0.4,1.6,0.4,0.8,0.3,6.4,1,2.7,0.3,1,0.2,0.7,0.2,5.7,0.7,5.2,0.5,3,0.4,1.7,0.4,9.6,1.1,5.3,0.5,3.7,0.5,2.9,0.5,8.3,1.1,7.5,0.6,5.8,0.7,4.4,0.6,11.6,1.3,11.6,0.7,9.5,0.8,8.4,0.8,14.7,1.2,10.2,0.7,8.9,0.8,8.1,0.8,11.8,1.1,16.9,0.8,17,0.9,17.3,1,16,1.4,11.1,0.6,13.7,0.9,15.1,1,6.7,0.8,26.2,0.8,35.7,1,40.7,1.1,9.2,1.1,110217,3332,147878,4631,166216,4563,61436,2240,168429,3532,207489,5170,228833,6032,97624,3967,33.1,(X),(X),(X),(X),(X),(X),(X),(X),(X),33.1,(X),(X),(X),(X),(X),(X),(X),(X),(X),(X),(X),31.8,(X)
0500000US06043,"Mariposa County, California",7700,351,5019,363,4040,306,2681,318,6.4,2.1,3.7,1.9,1.6,1.7,12.6,4.4,6.3,2,2.2,1.5,1.2,1.1,14,4.8,12.1,2.5,6.3,2.2,5.7,2.4,22.4,6,9.2,2,10.2,2.8,9.7,3.4,8.6,3.1,14.7,2.4,11.6,2.7,10.9,2.9,20.2,4.6,19,2.9,25.2,3.5,24.3,3.8,9.9,4.7,13.8,2.5,16.6,3.5,18.9,4.1,7.5,2.9,11.3,2.1,14.9,3,16.1,3.6,2.9,1.8,5,1.6,6.3,2.3,7.8,2.8,1.6,1.4,2.1,1,3,1.4,3.7,1.8,0.4,0.7,51199,3487,60183,5773,68514,8565,25819,4037,64590,3664,77434,5196,N,N,37383,3684,29.6,(X),(X),(X),(X),(X),(X),(X),(X),(X),31.7,(X),(X),(X),(X),(X),(X),(X),(X),(X),(X),(X),24.4,(X)
0500000US06045,"Mendocino County, California",34090,621,20783,721,14932,674,13307,625,6.7,1,4,0.9,1.3,0.6,12.3,2.3,7.5,1,4.8,1.2,2.2,0.9,13.5,1.9,11.6,1.3,8.2,1.4,5.5,1.4,16.5,2.3,11.4,1.5,10.6,1.6,8.7,1.8,13.5,2.4,13.4,1.3,12.8,1.7,11.8,1.9,14.5,2.1,18.8,1.6,21.1,2.1,23.3,2.6,13.8,2,11.6,1.2,14.5,1.7,16.2,2,6.2,1.4,11.7,1.3,14.9,1.7,19.1,2.3,6.2,1.5,3.8,0.6,5,1,6.8,1.4,1.3,0.5,3.4,0.7,4.1,1,5.2,1.3,2.2,0.9,49233,2356,62513,1987,71733,2741,29440,3168,67340,2787,77427,3033,90615,4043,48343,5166,36.6,(X),(X),(X),(X),(X),(X),(X),(X),(X),36.6,(X),(X),(X),(X),(X),(X),(X),(X),(X),(X),(X),34.6,(X)
0500000US06047,"Merced County, California",79606,596,60642,921,40756,978,18964,878,6.6,0.6,6.6,0.7,2,0.5,12.5,1.7,6.4,0.7,4.4,0.7,2.3,0.5,13.7,1.9,10.8,0.7,9.3,0.7,6.4,0.8,17.3,2.1,10.8,0.8,10.2,0.8,8.8,0.9,12.4,1.5,15.3,0.9,15.9,1.1,15.5,1.4,13.2,1.6,18.8,1.1,19.2,1.2,21.4,1.5,13.1,1.9,11.8,0.8,12.7,0.9,15.2,1.3,7.9,1.5,11.2,0.9,12.4,1.1,15.8,1.4,6,1.2,4.4,0.5,5.2,0.6,6.9,0.8,1.6,0.5,3.9,0.4,4.1,0.5,5.8,0.8,2.4,0.9,50129,1671,54731,1640,68093,2189,29316,1715,69764,1929,74853,2343,90575,3552,46257,2860,42.3,(X),(X),(X),(X),(X),(X),(X),(X),(X),42.2,(X),(X),(X),(X),(X),(X),(X),(X),(X),(X),(X),36.5,(X)
0500000US06049,"Modoc County, California",3660,173,2173,196,1750,170,1487,188,7.9,2.8,1.9,1.3,0.9,1.2,17.8,6.3,4.5,1.7,2.2,1.3,2.6,1.6,7.9,3.6,13.7,3.3,9.5,3.7,6.1,3,20.2,6.2,15.7,3.5,14.7,4.3,13.4,4.6,15.9,6.2,13.1,3.1,14.1,4.3,14.9,5.2,11.8,4.7,20.1,4.2,26.1,5.8,27.9,6.3,13.5,4.9,11.6,3.3,14,5.2,14.1,5.9,7,3.9,10.4,2.9,13.3,3.7,15,4.9,4.5,3.8,2.2,1,2.9,1.6,3.5,2,1.3,1.3,0.8,1.1,1.2,1.8,1.5,2.2,0.1,0.2,45149,5555,55964,6394,62188,8384,26852,3200,54126,4118,64816,5053,N,N,36971,5453,38.2,(X),(X),(X),(X),(X),(X),(X),(X),(X),39.7,(X),(X),(X),(X),(X),(X),(X),(X),(X),(X),(X),34,(X)
0500000US06051,"Mono County, California",4847,426,2524,285,2123,288,2323,402,2.9,1.8,1.2,1.3,0.4,0.7,5.3,3.7,2.1,1.4,1,1,1.1,1.1,3.3,2.9,5.5,2.3,4.8,2.4,4.3,2.5,6.3,3.9,7,2.9,5.4,3.9,6.4,4.5,8.2,4.8,15.4,4.7,9.4,3.9,8.6,4.2,22,8.2,25.6,4.7,28,6.2,24.7,6.7,23.9,7.5,16.5,4.4,15.5,6.7,17.4,7.4,17.2,5.8,15.8,4.7,19.5,6.2,19,6.4,11.5,5.7,4.5,2.2,7.6,3.8,9,4.5,0.8,0.9,4.7,2.8,7.6,4.8,9,5.8,1.5,2.1,63018,5826,75463,13345,82476,16199,55279,9231,80008,7282,94829,10154,N,N,63301,8201,38.8,(X),(X),(X),(X),(X),(X),(X),(X),(X),42.1,(X),(X),(X),(X),(X),(X),(X),(X),(X),(X),(X),34.7,(X)
0500000US06053,"Monterey County, California",126052,906,91714,1028,66002,1267,34338,997,3.8,0.3,2.7,0.4,1,0.2,9.3,0.9,3.3,0.3,2.3,0.3,0.8,0.2,8,1,7.6,0.5,7,0.5,4.3,0.6,11.7,1,8.6,0.5,7.9,0.5,6.6,0.6,11.4,1.1,12.7,0.6,12.2,0.7,11,0.8,13.4,1,19.2,0.7,19.5,0.9,18.3,1.1,16.8,1.3,13.7,0.6,14.1,0.7,15.7,0.9,11.4,1,15.6,0.6,16.7,0.8,19.7,1,10.2,0.9,7.2,0.5,8,0.6,10.2,0.7,3.9,0.7,8.2,0.5,9.6,0.7,12.3,0.9,4,0.6,66676,1234,72659,1609,86251,1955,45449,2230,93636,1783,100830,2425,117397,3133,66060,2970,30.7,(X),(X),(X),(X),(X),(X),(X),(X),(X),30.5,(X),(X),(X),(X),(X),(X),(X),(X),(X),(X),(X),29.1,(X)
0500000US06055,"Napa County, California",49032,491,33730,595,26184,682,15302,543,3.2,0.4,1.7,0.4,1.2,0.4,7.1,1.1,3,0.5,1.3,0.4,0.9,0.4,7.3,1.4,6.2,0.7,3.4,0.6,2.2,0.5,13.2,1.7,6.6,0.7,6,1,3.9,0.8,8.7,1.2,10.5,0.9,9.6,1.1,7.9,1.1,13.1,1.6,15.7,1.1,15.7,1.3,14.6,1.4,16.2,1.9,12.5,0.9,13.5,1,13.6,1.1,10,1.2,18.9,1,21.1,1.2,22.9,1.4,12.8,1.7,10.2,0.8,11.8,1.1,13.6,1.2,5.6,1,13.2,0.7,16,1.1,19.3,1.3,5.9,1.1,84753,2198,97983,2914,110895,2339,50746,2586,116922,2887,132088,3771,147683,4619,77266,4446,37,(X),(X),(X),(X),(X),(X),(X),(X),(X),38,(X),(X),(X),(X),(X),(X),(X),(X),(X),(X),(X),32.3,(X)
0500000US06057,"Nevada County, California",40904,677,26483,701,21706,693,14421,649,5.1,0.7,2.9,0.8,1.6,0.5,10.7,1.8,4.7,0.8,2.1,0.7,1.3,0.7,10.3,2.1,8.5,1,5.7,1.1,4.2,1,14.8,2.1,9,0.9,7.2,1.1,5.9,1.1,11.2,1.7,13.2,1.3,12.2,1.4,12.1,1.5,14.3,2.5,16.5,1.4,16.9,1.6,17.1,1.9,15.9,2.4,12.8,1.2,15,1.5,15.3,1.7,8.3,1.6,16.3,1.1,19.9,1.5,21.6,1.8,9,1.6,6.7,0.7,8.8,1.1,10.2,1.3,2.9,0.8,7.3,0.9,9.4,1.2,10.8,1.5,2.6,0.7,63240,1916,81203,4533,88282,3085,37184,3613,86798,2890,101965,3884,N,N,55499,3983,30.9,(X),(X),(X),(X),(X),(X),(X),(X),(X),29.5,(X),(X),(X),(X),(X),(X),(X),(X),(X),(X),(X),31.7,(X)
0500000US06059,"Orange County, California",1032373,2799,741721,3792,564685,3997,290652,3205,4.2,0.1,2.8,0.1,1.4,0.1,9.2,0.4,2.9,0.1,1.9,0.1,1.2,0.1,6.3,0.3,6.1,0.2,4.9,0.2,3.6,0.2,10.2,0.4,6.4,0.1,5.8,0.2,4.5,0.2,9,0.3,9.3,0.2,8.9,0.2,7.4,0.2,11.2,0.4,15.2,0.3,14.5,0.3,13.2,0.4,17,0.5,12.8,0.2,12.5,0.3,12.3,0.3,12.6,0.4,18.3,0.2,19.6,0.3,21.1,0.4,13.8,0.4,10.4,0.2,12,0.3,14.1,0.3,5.2,0.3,14.3,0.2,17.2,0.3,21.1,0.3,5.6,0.3,85398,719,97050,810,113242,1111,54818,777,117194,953,129916,1205,146705,1351,77174,1245,37.3,(X),(X),(X),(X),(X),(X),(X),(X),(X),37.4,(X),(X),(X),(X),(X),(X),(X),(X),(X),(X),(X),33.5,(X)
0500000US06061,"Placer County, California",140661,914,98332,1128,80935,1252,42329,1075,4,0.4,2.5,0.4,1.6,0.4,8.2,0.8,3.4,0.3,1.8,0.3,1.2,0.3,7.2,0.8,6.2,0.4,3.2,0.4,2.3,0.3,13.5,1,6.8,0.5,4.9,0.5,3.8,0.5,12.1,1,9,0.5,6.9,0.5,5.8,0.5,14.2,1.2,15.5,0.7,15,0.8,14.2,0.9,16.4,1.3,12.8,0.6,13.6,0.7,13.3,0.8,11.2,0.9,19.7,0.6,23.5,0.8,25.1,0.9,10.4,0.9,10.8,0.5,13.9,0.7,15.7,0.8,2.7,0.5,11.7,0.4,14.5,0.6,17,0.7,4.1,0.6,84357,1469,103298,1787,113641,1987,43654,1952,109020,1802,125710,2159,136870,2452,65819,3263,31,(X),(X),(X),(X),(X),(X),(X),(X),(X),30.8,(X),(X),(X),(X),(X),(X),(X),(X),(X),(X),(X),29.7,(X)
0500000US06063,"Plumas County, California",8047,337,4859,347,3793,326,3188,309,5,1.4,2.6,1.6,0.8,0.6,11.5,3.6,7.6,2.1,3.1,2,1.6,1.9,14.1,3.9,10.7,2.3,6.7,2.7,4.7,2.5,15.2,3.8,8.9,2,7.3,2.4,4.7,2.3,11.8,3.9,14.8,2.9,14.2,4.2,13.2,3.9,14.6,4.4,18.6,2.9,20.2,3.5,21.8,3.9,16.4,4.6,13.1,2.5,15.7,3.1,17.8,3.6,9.7,3.9,13,2.2,17.8,3.6,20.1,4,4.9,1.7,4.9,1.8,7.3,3,9,3.7,1.3,1,3.3,1.3,5.1,2.1,6.3,2.7,0.5,0.8,53270,3391,69884,8743,80534,5823,33668,4245,71648,6749,84826,6189,N,N,50249,13788,43.1,(X),(X),(X),(X),(X),(X),(X),(X),(X),43.1,(X),(X),(X),(X),(X),(X),(X),(X),(X),(X),(X),42,(X)
0500000US06065,"Riverside County, California",718349,2722,524557,3047,388127,3506,193792,2332,5.5,0.2,3.9,0.2,1.9,0.2,12.1,0.5,4.2,0.2,2.4,0.1,1.5,0.2,9.6,0.5,8.9,0.2,7,0.3,5,0.2,15.5,0.5,9.1,0.2,8.1,0.2,6.5,0.2,12.9,0.6,12.1,0.3,11.9,0.3,10.6,0.3,12.8,0.6,17.4,0.3,18,0.4,18.1,0.5,15,0.6,13.1,0.3,14.3,0.4,15.1,0.4,9.1,0.5,16.2,0.3,18.6,0.4,21.4,0.5,8,0.4,7.2,0.2,8.6,0.3,10.6,0.3,2.5,0.2,6.2,0.2,7.3,0.3,9.2,0.3,2.5,0.2,63948,454,73082,662,84512,768,34957,845,84391,753,93289,961,105630,1123,53578,954,40.1,(X),(X),(X),(X),(X),(X),(X),(X),(X),40.8,(X),(X),(X),(X),(X),(X),(X),(X),(X),(X),(X),35.3,(X)
0500000US06067,"Sacramento County, California",536029,1825,355363,2240,245857,2403,180666,2171,5.5,0.2,4.1,0.2,1.9,0.2,9.4,0.5,5.1,0.2,3.1,0.2,1.5,0.2,10,0.5,8.4,0.3,6.9,0.3,4.5,0.3,12.4,0.5,8.6,0.3,7.7,0.3,5.7,0.3,10.6,0.5,11.8,0.3,10.8,0.4,9.2,0.4,13.7,0.5,17.5,0.4,17,0.4,15.9,0.5,18.3,0.5,13,0.3,14.2,0.4,15.2,0.5,10.3,0.5,16,0.3,18.5,0.4,22.4,0.6,9.8,0.4,7.6,0.2,9.5,0.3,12.4,0.4,3.2,0.3,6.4,0.2,8.2,0.3,11.1,0.4,2.4,0.2,63902,512,75565,854,92524,1267,42942,791,85289,665,96585,952,113574,1205,58494,1010,31.3,(X),(X),(X),(X),(X),(X),(X),(X),(X),32.1,(X),(X),(X),(X),(X),(X),(X),(X),(X),(X),(X),27.5,(X)
0500000US06069,"San Benito County, California",17740,181,14175,329,10711,437,3565,330,1.7,0.6,1.8,0.6,0.7,0.4,5.1,2,3.3,1,2.1,0.9,0.8,0.6,9.3,3.1,5.3,0.9,4.5,1,2.6,0.8,11.7,3.3,6.3,1.2,6.1,1.2,4.8,1.3,8.8,3,10.9,1.5,10.2,1.7,7.9,1.5,16.1,4.2,18,1.8,17.5,2.2,15.8,2.4,17.5,3.8,13.6,1.5,13.9,1.7,15.4,2.1,12.3,3.4,21.7,2.1,22.6,2.5,25.7,2.8,12.3,3.3,10,1.4,11.4,1.6,13.9,2,2.8,1.9,9.1,1.2,10,1.3,12.4,1.6,4.2,1.9,81977,4226,86787,5616,103081,4007,49365,5857,101057,3842,105672,4038,N,N,68776,7543,28.6,(X),(X),(X),(X),(X),(X),(X),(X),(X),29.7,(X),(X),(X),(X),(X),(X),(X),(X),(X),(X),(X),21.5,(X)
0500000US06071,"San Bernardino County, California",630633,2099,481066,2620,327131,3041,149567,2154,5.4,0.2,4.5,0.2,1.7,0.2,12,0.6,5,0.2,3.3,0.2,1.7,0.2,11.6,0.6,9.4,0.3,8.1,0.3,5.5,0.3,14.8,0.7,9.3,0.3,8.9,0.3,7.3,0.4,11.3,0.6,12.6,0.3,12.5,0.4,11.3,0.4,13.6,0.6,18.6,0.4,18.8,0.4,19.1,0.6,16.6,0.7,13.2,0.3,14,0.4,15.9,0.5,9,0.5,15.2,0.3,17,0.4,20.6,0.5,7.7,0.5,6.4,0.3,7.4,0.3,9.7,0.4,1.9,0.3,4.8,0.2,5.5,0.2,7.4,0.3,1.7,0.2,60164,626,66415,772,80647,890,35368,821,77575,643,83738,844,97968,1059,49497,851,37.3,(X),(X),(X),(X),(X),(X),(X),(X),(X),37.7,(X),(X),(X),(X),(X),(X),(X),(X),(X),(X),(X),31.5,(X)
0500000US06073,"San Diego County, California",1118980,3147,753761,3992,561609,4813,365219,3308,4.6,0.1,3.2,0.2,1.6,0.1,8.5,0.3,3.5,0.1,2,0.1,1.1,0.1,7.1,0.3,7,0.2,5.5,0.2,3.5,0.2,10.8,0.4,7.5,0.2,6.8,0.2,5.3,0.2,9.8,0.4,11,0.2,10.4,0.3,8.8,0.3,12.3,0.4,16.5,0.2,15.8,0.3,14.6,0.3,17.8,0.4,13,0.2,13.3,0.3,13.8,0.4,11.8,0.4,17.7,0.2,19.6,0.3,22.2,0.4,12.7,0.5,8.8,0.2,10.4,0.2,12.7,0.3,4.6,0.2,10.5,0.2,12.9,0.3,16.4,0.3,4.6,0.3,74855,578,86138,709,102398,918,51585,636,101302,710,113414,957,129975,1185,70687,1094,34,(X),(X),(X),(X),(X),(X),(X),(X),(X),34.2,(X),(X),(X),(X),(X),(X),(X),(X),(X),(X),(X),31.4,(X)
0500000US06075,"San Francisco County, California",359673,1844,172190,2115,130006,2226,187483,2122,5.2,0.3,2.4,0.3,1.2,0.3,8,0.6,5.2,0.2,1.7,0.2,0.9,0.2,8.4,0.4,6.2,0.3,5.5,0.4,4.6,0.4,7.1,0.4,5.1,0.3,4.8,0.3,3.6,0.3,5.6,0.4,6.6,0.3,7.3,0.4,5.3,0.4,6.5,0.4,10.5,0.4,10.4,0.6,9,0.6,11.1,0.6,9.4,0.4,9.9,0.5,9.2,0.5,9.1,0.5,16.3,0.5,16.5,0.5,17,0.7,15.8,0.6,11.3,0.4,12.1,0.6,13.2,0.7,10.5,0.6,24.1,0.5,29.5,0.7,36,0.8,17.9,0.6,104552,1533,122900,2705,147724,2931,83611,1518,149265,1931,176150,2742,202479,3279,120171,2388,33.8,(X),(X),(X),(X),(X),(X),(X),(X),(X),36.7,(X),(X),(X),(X),(X),(X),(X),(X),(X),(X),(X),29.9,(X)
0500000US06077,"San Joaquin County, California",226727,913,168502,1653,117049,1486,58225,1585,5.3,0.3,4.3,0.3,1.5,0.2,11.2,0.9,5,0.3,3.2,0.3,1.4,0.2,11.3,0.8,9.6,0.4,7.6,0.5,5.1,0.4,16.5,0.9,9.1,0.4,8.1,0.5,6.5,0.6,12.4,0.9,12.4,0.5,12.4,0.5,10.9,0.6,12.6,0.8,17.6,0.5,18.2,0.6,18,0.8,15,1.1,12.7,0.4,13.8,0.6,15.7,0.8,8.7,0.8,15.6,0.5,17.9,0.6,21.8,0.8,7.1,0.7,6.7,0.4,7.8,0.5,10.2,0.7,2.8,0.4,5.8,0.3,6.7,0.5,8.8,0.6,2.4,0.5,61145,1022,69008,1122,85392,1278,33567,1284,81297,1130,89172,1517,104753,1848,51437,1722,35.5,(X),(X),(X),(X),(X),(X),(X),(X),(X),35.7,(X),(X),(X),(X),(X),(X),(X),(X),(X),(X),(X),32,(X)
0500000US06079,"San Luis Obispo County, California",105317,1020,66580,1037,52918,1014,38737,1062,5.4,0.5,2.8,0.5,1.6,0.4,10.6,1.1,4.1,0.5,1.6,0.3,0.9,0.3,8.5,1.2,7.5,0.6,4.3,0.6,2.6,0.5,13.9,1.3,7.1,0.5,5.8,0.7,4.4,0.7,10.2,1.2,11.3,0.6,10.4,0.8,8.7,0.9,13,1.1,17.5,0.9,17,1,16,1.1,17.9,1.5,13.1,0.8,14.7,1,15.5,1.1,9.4,0.9,17.9,0.7,21.6,1,24.8,1.2,10.8,1,7.7,0.6,10.5,0.7,12.3,0.9,2.6,0.5,8.5,0.6,11.2,0.8,13.2,1,2.9,0.6,70699,1500,88636,2490,100419,2158,41730,1455,93008,1891,110238,2638,122242,3002,58473,2026,36.3,(X),(X),(X),(X),(X),(X),(X),(X),(X),36,(X),(X),(X),(X),(X),(X),(X),(X),(X),(X),(X),34.8,(X)
0500000US06081,"San Mateo County, California",261969,1067,183144,1474,143990,1818,78825,1466,2.9,0.2,1.7,0.2,1,0.2,6.5,0.6,2.3,0.2,1.1,0.2,0.6,0.1,5.4,0.6,4.5,0.3,2.9,0.3,2,0.3,8.5,0.7,4.7,0.3,4.1,0.3,2.8,0.3,7.3,0.7,7,0.4,6.1,0.4,4.9,0.5,9.6,0.7,11.6,0.4,10.6,0.5,8.7,0.6,14.6,0.9,11.1,0.4,10.7,0.5,9.9,0.5,11.9,0.7,18.1,0.5,18.4,0.6,18.4,0.7,16.6,0.8,12.3,0.4,13.7,0.5,15.3,0.7,8.2,0.7,25.6,0.4,30.7,0.5,36.5,0.7,11.5,0.8,113776,1672,132732,1634,154745,2225,71780,2362,162639,1868,184701,2086,207821,2708,101725,2576,31.7,(X),(X),(X),(X),(X),(X),(X),(X),(X),32.5,(X),(X),(X),(X),(X),(X),(X),(X),(X),(X),(X),26.7,(X)
0500000US06083,"Santa Barbara County, California",144962,885,95270,1048,71080,1207,49692,1095,4.7,0.4,2.7,0.4,1.1,0.2,10,1,3.8,0.3,1.9,0.3,0.7,0.2,7.8,0.8,7.5,0.6,6,0.5,3.7,0.5,12.4,1.2,8,0.4,7.6,0.5,5.9,0.6,9.8,0.8,11.7,0.5,11.5,0.7,10,0.8,12.1,1.1,16.4,0.7,16.6,0.9,16.2,1,15.8,1.2,12.8,0.6,13.4,0.7,14,0.8,10.3,0.8,16.5,0.7,18.3,0.8,20.9,1,11.7,0.9,8.2,0.5,9.5,0.6,11.7,0.8,4.5,0.8,10.4,0.4,12.4,0.6,15.8,0.7,5.7,0.7,71657,1476,81049,2034,96953,1874,47279,1953,101100,1486,111675,2002,128475,2510,73080,2759,36.3,(X),(X),(X),(X),(X),(X),(X),(X),(X),34.3,(X),(X),(X),(X),(X),(X),(X),(X),(X),(X),(X),35.7,(X)
0500000US06085,"Santa Clara County, California",635525,1810,456440,2710,361880,2974,179085,2326,3.2,0.2,2,0.1,0.9,0.1,7.5,0.4,2.8,0.1,1.4,0.1,0.8,0.1,6.7,0.4,4.6,0.2,3.5,0.2,2.4,0.2,8.2,0.4,4.6,0.2,3.8,0.2,2.7,0.2,7.1,0.4,7,0.2,6.5,0.3,4.9,0.3,9,0.4,11.2,0.3,10.6,0.3,9,0.3,13.2,0.5,10.3,0.2,9.9,0.3,9.2,0.3,10.8,0.5,18,0.3,18.7,0.4,19.1,0.4,15.9,0.6,13.1,0.3,14.2,0.3,15.8,0.3,9.5,0.5,25.2,0.3,29.5,0.4,35.1,0.4,12.3,0.5,116178,938,131554,1098,152859,1212,72124,1511,154183,1056,171666,1299,192884,1555,101196,1477,30.8,(X),(X),(X),(X),(X),(X),(X),(X),(X),30.9,(X),(X),(X),(X),(X),(X),(X),(X),(X),(X),(X),28.1,(X)
0500000US06087,"Santa Cruz County, California",95756,961,61058,1194,46535,1199,34698,1079,5.1,0.6,2.8,0.5,1.1,0.4,10,1.4,4.2,0.5,1.9,0.4,1.1,0.4,9,1,7.4,0.7,5.5,0.8,3.4,0.7,12,1.3,7,0.7,5.1,0.7,4,0.6,10.7,1.4,9.6,0.7,9.5,1,8.4,1,9.9,1.1,15,0.8,14.9,1.1,14,1.2,15.7,1.6,12.1,0.7,11.5,0.8,12,0.9,11.5,1.1,16.3,0.8,19.4,1.2,21.3,1.3,11,1.5,9.3,0.6,12,0.8,13.8,1,4.1,0.7,14,0.7,17.3,1.1,21,1.3,6.1,1,78041,1462,96327,3242,112154,3422,47352,3684,109141,2364,126759,2911,143265,3570,71273,3756,33.2,(X),(X),(X),(X),(X),(X),(X),(X),(X),32.3,(X),(X),(X),(X),(X),(X),(X),(X),(X),(X),(X),31.5,(X)
0500000US06089,"Shasta County, California",70473,580,46145,852,34339,824,24328,795,6,0.5,4.2,0.7,1.9,0.4,11.9,1.4,7,0.7,2.9,0.6,1.4,0.4,15.4,1.7,11.1,0.8,8.1,0.8,5.2,0.8,17.5,1.7,10.7,0.7,9.8,1,8.3,0.9,12.5,1.5,14.4,0.8,14.7,1,13.6,1.1,13.8,1.5,18.5,1.1,20.4,1.4,21.8,1.6,14.2,1.5,11.5,0.8,14,1.1,16,1.4,6.2,1,11.6,0.7,14,0.9,16.7,1.2,5.5,0.9,5.3,0.5,7.1,0.7,8.7,0.9,1.5,0.5,3.9,0.4,4.9,0.5,6.4,0.7,1.3,0.4,50905,1445,63205,1213,72942,1715,28151,1828,69130,1537,80862,2121,92341,2653,42597,1561,32.4,(X),(X),(X),(X),(X),(X),(X),(X),(X),32.5,(X),(X),(X),(X),(X),(X),(X),(X),(X),(X),(X),30.3,(X)
0500000US06091,"Sierra County, California",1241,141,720,118,563,98,521,114,3.6,3.9,0,4.7,0,6,8.6,9.2,10.2,5.8,0.8,1.1,0,6,23.6,13.4,11.7,6.2,6.4,5.1,5,4.7,19,12.3,9.5,3.4,8.2,5.4,8,6.4,12.5,6.2,15.8,6.5,20.1,10.3,18.7,11.9,13.4,9.5,11.2,5.3,12.8,6.9,11,7.2,9,7.4,10.9,5.4,10.7,6.5,9.1,5.1,6,5.5,21.2,6.7,30.8,10.3,35.3,11.5,7.9,8.4,3.9,2.4,6.7,4,8.5,5.1,0,6.5,2,2,3.5,3.4,4.4,4.5,0,6.5,48125,7465,76875,15457,96518,23965,22679,12775,67464,7908,87912,9694,N,N,36691,9156,43.8,(X),(X),(X),(X),(X),(X),(X),(X),(X),54.4,(X),(X),(X),(X),(X),(X),(X),(X),(X),(X),(X),28.8,(X)
0500000US06093,"Siskiyou County, California",19257,305,11671,438,8753,356,7586,426,8.1,1.1,5.4,1.1,2.8,0.9,13.4,2.3,6.8,1,3.6,0.7,2.4,0.8,12.5,2.1,13.9,1.3,9.8,1.3,6.6,1.2,21.1,2.3,11.4,1.2,11,1.5,8.8,1.4,11.6,2,14.9,1.2,16.4,1.6,16.2,1.8,12.2,2,18.2,1.3,19.3,1.7,20.7,2,15.4,2.4,11.2,1.2,13.8,1.7,16.8,2.2,6.7,1.9,10.1,1.1,13.3,1.4,16.5,1.8,4.6,1.7,3.2,0.7,4.8,1.1,5.8,1.4,0.7,0.4,2.3,0.7,2.6,0.8,3.3,1.1,1.8,1.3,44200,2158,53909,2115,65917,3314,26792,2151,63208,4614,73153,6680,84975,8574,45507,7209,35.2,(X),(X),(X),(X),(X),(X),(X),(X),(X),35.5,(X),(X),(X),(X),(X),(X),(X),(X),(X),(X),(X),32.4,(X)
0500000US06095,"Solano County, California",149067,608,107267,1200,75917,1131,41800,1154,4.1,0.4,3.1,0.4,1.2,0.3,8,1.1,3.6,0.3,2.4,0.3,0.9,0.2,7.5,1,6.3,0.4,4.5,0.5,2.8,0.4,11.9,1,6.9,0.5,5.9,0.6,4.5,0.6,10,0.8,10.7,0.5,10.4,0.6,7.6,0.6,14,0.8,16.9,0.6,15.6,0.7,14.8,0.8,19.9,1.2,14.6,0.6,15.4,0.8,16,0.9,12.2,1,19.1,0.6,21.6,0.8,25.4,1,10.5,1.1,9.4,0.5,11.1,0.6,13.8,0.8,3.5,0.7,8.4,0.5,10.1,0.6,13.1,0.8,2.6,0.5,77609,1309,88335,1773,103201,1422,48420,1949,96029,1658,105825,2135,121738,2224,62259,2629,31.9,(X),(X),(X),(X),(X),(X),(X),(X),(X),31.8,(X),(X),(X),(X),(X),(X),(X),(X),(X),(X),(X),29.4,(X)
0500000US06097,"Sonoma County, California",189339,918,120415,1591,91217,1653,68924,1400,3.8,0.3,2.2,0.3,1.2,0.3,7.5,0.6,3.7,0.3,1.6,0.3,0.8,0.2,7.8,0.7,6.9,0.5,4.3,0.5,2.5,0.4,12.7,0.9,7.2,0.4,5.6,0.5,3.9,0.5,10.7,0.7,10.3,0.5,8.9,0.6,7.3,0.6,13.1,0.9,17,0.6,16.7,0.7,14.7,0.7,18.2,0.9,14.4,0.5,15.2,0.6,15.7,0.7,11.7,0.8,17.5,0.5,21.2,0.8,24.3,0.9,10.1,0.9,9.4,0.5,11.6,0.6,13.7,0.8,4.4,0.5,9.9,0.4,12.9,0.6,15.9,0.7,3.7,0.4,76753,1039,91937,1702,106699,1817,47768,1559,102483,1743,119912,2463,135748,3279,66086,1608,33.2,(X),(X),(X),(X),(X),(X),(X),(X),(X),33,(X),(X),(X),(X),(X),(X),(X),(X),(X),(X),(X),30.6,(X)
0500000US06099,"Stanislaus County, California",172682,777,127767,1320,89860,1456,44915,1219,5.1,0.4,4.4,0.4,1.7,0.3,10.5,1.1,5.2,0.3,2.9,0.3,1.7,0.3,12.4,0.9,9.6,0.5,7.8,0.5,5.4,0.5,16,1.4,10.1,0.5,9.9,0.6,7.6,0.6,11.7,1.2,13.6,0.6,14.1,0.8,12.7,0.8,12.5,1.2,18.7,0.6,19.2,0.7,19.6,1,16.3,1.2,13,0.6,13.8,0.7,15.4,0.8,8.5,0.9,15,0.5,16.5,0.6,20.7,0.9,8.8,1.1,5.2,0.4,6.2,0.5,8.1,0.6,1.7,0.5,4.5,0.3,5.3,0.4,7.1,0.5,1.6,0.5,57387,1316,63643,1548,77111,1697,34344,1683,75761,1233,82504,1449,96153,1776,49193,1822,36.4,(X),(X),(X),(X),(X),(X),(X),(X),(X),36.8,(X),(X),(X),(X),(X),(X),(X),(X),(X),(X),(X),31.7,(X)
0500000US06101,"Sutter County, California",32360,312,23697,504,17424,614,8663,463,4.9,0.7,4.9,0.9,1.9,0.7,8.4,1.8,4.8,0.7,3.1,0.7,2.1,0.8,10.3,1.9,10.1,1.2,7.3,1.4,5.7,1.2,17.3,2.4,10.2,1.3,9,1.4,7.2,1.5,12.9,2.1,14.1,1.2,13.5,1.5,12.6,1.6,16.2,2.7,19.2,1.3,20.5,1.8,21.9,2,14.8,2.2,12.2,1.2,13.6,1.6,14.3,1.9,8.1,1.5,15,1.1,17.4,1.5,20.5,1.8,7.7,1.8,5.3,0.8,6.3,0.9,7.9,1.2,1.7,0.9,4.1,0.6,4.5,0.7,5.8,0.9,2.5,1.2,56955,2206,63748,2086,73107,3182,36032,3198,75716,2651,82752,3696,93738,4829,51396,3382,28.4,(X),(X),(X),(X),(X),(X),(X),(X),(X),28.4,(X),(X),(X),(X),(X),(X),(X),(X),(X),(X),(X),26.5,(X)
0500000US06103,"Tehama County, California",24025,435,16004,636,11500,637,8021,495,6.9,1.3,4.5,1.4,2.9,1.1,13,2.6,7.4,1.1,3.5,1.1,2.2,1.2,15.6,2.4,15.6,1.5,12.9,2,9.1,2.2,22,3.4,12,1.7,12.1,2.1,9.6,2.2,12.9,3,14,1.6,13.9,2.2,14.3,2.5,13.3,2.8,18.3,1.8,20.2,2.3,21.4,2.5,13.1,2.6,10.5,1.5,12.8,2.1,15.6,2.4,4.6,1.7,9.4,1.3,12.3,1.6,15.1,2,3.5,2.1,3.2,0.8,4.5,1.1,5.7,1.5,1.1,0.8,2.7,0.7,3.3,1,4.1,1.3,0.9,0.6,42899,2347,52602,3709,62114,5726,24773,1887,58939,2659,69278,3228,N,N,35812,3142,34.1,(X),(X),(X),(X),(X),(X),(X),(X),(X),34.1,(X),(X),(X),(X),(X),(X),(X),(X),(X),(X),(X),32.1,(X)
0500000US06105,"Trinity County, California",5796,216,3477,262,2558,270,2319,251,10,2.7,7.9,3.2,5.8,3.1,14.4,4.6,8.7,2.1,2.9,1.6,1.4,1.2,17.2,4.8,15,3.1,11.4,3.8,7,3.7,20.9,5.7,13.3,2.9,11.3,3.8,13.1,4.7,16.4,4.6,13.9,2.4,14.8,3.4,13.7,3.8,13.9,4.5,16.5,3.6,20.4,5.2,22.2,5.8,8.4,3.2,9.6,2.3,12.9,3.2,14.4,3.8,3.4,1.9,8.5,2.4,11.8,3.8,15.5,5.2,3.5,1.5,2.8,1.4,3.9,2.2,4.4,2.6,1.3,1.5,1.9,0.9,2.7,1.5,2.5,1.7,0.6,0.7,38497,4689,51582,8198,60658,8552,23598,3474,54856,4224,67721,5816,N,N,33568,4398,32.2,(X),(X),(X),(X),(X),(X),(X),(X),(X),35.7,(X),(X),(X),(X),(X),(X),(X),(X),(X),(X),(X),26.9,(X)
0500000US06107,"Tulare County, California",136106,817,104650,1337,70883,1328,31456,1252,6.9,0.6,6.6,0.6,2.5,0.4,12.8,1.4,6.9,0.5,5.3,0.6,3.2,0.5,13.7,1.4,12.7,0.7,11.5,0.7,9,0.8,17.2,1.6,11.1,0.7,11,0.8,10.4,0.9,12.7,1.3,14.5,0.7,14.7,0.8,13.2,0.9,13.6,1.6,17.7,0.8,18,0.8,19.8,1.1,14.5,1.6,11.1,0.7,11.6,0.8,13.9,1,7.2,1.1,11.2,0.6,12.3,0.7,15.6,1,5.3,0.8,4,0.4,4.6,0.5,6,0.6,1.6,0.5,3.8,0.4,4.4,0.5,6.2,0.7,1.3,0.5,47518,1141,50934,1251,64001,1565,29977,1855,66651,1317,71053,1680,85027,2270,44573,2435,41.9,(X),(X),(X),(X),(X),(X),(X),(X),(X),42.2,(X),(X),(X),(X),(X),(X),(X),(X),(X),(X),(X),36.4,(X)
0500000US06109,"Tuolumne County, California",22427,607,13770,651,10891,602,8657,692,5.8,1.1,3.5,1,1.5,0.8,11,2.5,6.5,1.1,2.8,1,1.7,0.7,12,2.3,9.2,1.6,6.5,1.8,5,1.8,15,2.7,10.5,1.6,7.8,1.9,5.3,1.7,14.1,2.6,12.6,1.5,12.8,2,12.8,2.1,12.2,2.4,18,2.1,19.8,2.6,19.6,2.7,14.4,3,13.9,1.7,15.9,2.3,17.3,2.6,10.6,2.9,13.5,1.8,17.5,2.3,20.3,2.8,6.5,2,4,1,5.9,1.6,7,1.9,0.6,0.4,6,1,7.6,1.3,9.5,1.6,3.5,1.8,56493,3992,72299,2835,81160,3527,33201,3405,80361,5059,92363,4777,N,N,59065,10563,35.7,(X),(X),(X),(X),(X),(X),(X),(X),(X),38.2,(X),(X),(X),(X),(X),(X),(X),(X),(X),(X),(X),29,(X)
0500000US06111,"Ventura County, California",271226,1122,197226,1611,150646,1639,74000,1344,3.2,0.2,2.2,0.3,0.9,0.2,7.6,0.7,2.8,0.2,1.4,0.2,0.8,0.2,7.2,0.6,6.2,0.3,4.6,0.3,2.6,0.3,12.3,0.9,6.6,0.3,5.7,0.4,4.4,0.4,10,0.7,9.9,0.4,9.4,0.4,7.6,0.4,11.9,0.7,15.8,0.5,15,0.6,13.8,0.7,17,1,14.1,0.5,14.6,0.5,14.8,0.7,12.2,0.9,19,0.5,20.8,0.6,23.3,0.7,12.4,0.8,10,0.3,11.7,0.5,13.8,0.6,4.5,0.5,12.4,0.4,14.6,0.5,18.1,0.6,5,0.5,84017,1199,94340,1080,109274,1812,51200,1361,110792,1246,122345,1674,138540,2029,71348,1576,35.6,(X),(X),(X),(X),(X),(X),(X),(X),(X),35.3,(X),(X),(X),(X),(X),(X),(X),(X),(X),(X),(X),32.5,(X)
0500000US06113,"Yolo County, California",73510,592,46152,695,35239,854,27358,719,7.7,0.6,3.4,0.6,1.5,0.4,15.6,1.3,5.1,0.6,2,0.4,0.9,0.3,10.7,1.5,8.7,0.8,6.4,0.9,4.5,0.8,13.5,1.4,7.4,0.8,6.3,0.9,4.7,0.9,9.3,1.4,10.1,0.7,9.1,1,8,1.1,11.7,1.2,16.6,1,16.9,1.3,16.9,1.5,16,1.6,11.8,1,13.6,1.2,14.1,1.5,8.9,1.1,15,0.8,18.1,1.1,19.5,1.3,9.3,1.2,7.7,0.8,10.6,1.1,12.6,1.5,2.4,0.5,9.7,0.6,13.7,0.9,17.2,1.2,2.5,0.7,65923,2023,84824,2960,98842,3199,36004,2000,92571,2182,112981,3200,128677,4208,54531,2632,31.8,(X),(X),(X),(X),(X),(X),(X),(X),(X),30.8,(X),(X),(X),(X),(X),(X),(X),(X),(X),(X),(X),31.9,(X)
0500000US06115,"Yuba County, California",26179,329,18583,485,13316,597,7596,461,4.9,0.8,4.9,1,2,0.8,8.6,2.2,7.2,1.3,4.8,1.4,2.3,0.9,15,3,10.8,1.4,8,1.5,6.1,1.5,18.4,3.3,9.5,1.1,9.4,1.5,7.2,1.5,11.8,2.4,15.1,1.7,14.9,1.9,14.3,2.3,14.3,2.8,18.1,1.7,17.3,2.1,18.2,2.4,15.6,3.4,12.5,1.5,14.7,1.9,17.4,2.3,6.9,2.3,13.7,1.6,16.3,1.9,19.6,2.4,6,2,5.5,1,7,1.3,9.2,1.7,1.8,1.2,2.6,0.6,2.7,0.9,3.8,1.2,1.6,1,52624,2827,60743,3976,74972,2869,31310,3116,67391,2493,73997,3251,86233,4046,45410,4061,29.2,(X),(X),(X),(X),(X),(X),(X),(X),(X),27.9,(X),(X),(X),(X),(X),(X),(X),(X),(X),(X),(X),29.4,(X)
